Condition,Average
1,5.28650
2,5.84756
3,5.52046
4,5.59948